<?xml version="1.0" encoding="UTF-8"?>
<project-private xmlns="http://www.netbeans.org/ns/project-private/1">
    <data xmlns="http://www.netbeans.org/ns/make-project-private/1">
        <activeConfTypeElem>1</activeConfTypeElem>
        <activeConfIndexElem>0</activeConfIndexElem>
    </data>
    <editor-bookmarks xmlns="http://www.netbeans.org/ns/editor-bookmarks/2" lastBookmarkId="0"/>
    <open-files xmlns="http://www.netbeans.org/ns/projectui-open-files/2">
        <group>
            <file>file:/C:/Users/steve/OneDrive/Desktop/TS2535824/StevensTyler_CSC-17A_46097/Projects/Sudoku/main.cpp</file>
            <file>file:/C:/Users/steve/OneDrive/Desktop/TS2535824/StevensTyler_CSC-17A_46097/Projects/Sudoku/easy.txt</file>
            <file>file:/C:/Users/steve/OneDrive/Desktop/TS2535824/StevensTyler_CSC-17A_46097/Projects/Sudoku/Rules.txt</file>
            <file>file:/C:/Users/steve/OneDrive/Desktop/TS2535824/StevensTyler_CSC-17A_46097/Projects/Sudoku/Array2D.h</file>
            <file>file:/C:/Users/steve/OneDrive/Desktop/TS2535824/StevensTyler_CSC-17A_46097/Projects/Sudoku/Scores.txt</file>
        </group>
    </open-files>
</project-private>
